{
    "interactionModel": {
        "languageModel": {
            "invocationName": "my funny skill",
            "intents": [
                {
                    "name": "AMAZON.CancelIntent",
                    "samples": []
                },
                {
                    "name": "AMAZON.HelpIntent",
                    "samples": []
                },
                {
                    "name": "AMAZON.StopIntent",
                    "samples": []
                },
                {
                    "name": "GetWeatherIntent",
                    "samples": [
                        "what is the weather",
                        "how is the weather",
                        "tell me the weather"
                    ]
                },
                {
                    "name": "AMAZON.NavigateHomeIntent",
                    "samples": []
                },
                {
                    "name": "AMAZON.FallbackIntent",
                    "samples": []
                }
            ],
            "types": []
        }
    }
}